"Tracker ID","Location","Place Type","Empty/Full","Freshness (%)"
"8EA2BE3B","Wyndham Garden Hotel - Dayton South","Venue","Full","0"
"E9F4A9B6","Woolloomooloo Waters Apartment Hotel","Venue","Full","0"
"94D4E318","Woolloomooloo Waters Apartment Hotel","Venue","Full","12.5"
"ECEEF26B","Woolloomooloo Waters Apartment Hotel","Venue","Full","18.6"
"51013ABC","Woolloomooloo Waters Apartment Hotel","Venue","Full","34"
"82F7E603","Woolloomooloo Waters Apartment Hotel","Venue","Full","48.9"
"18412F75","Woodley Hotel","Venue","Full","0"
"8B94D2DC","Widbrook Grange Hotel","Venue","Full","0"
"CE196B15","Westbury Boutique Hotel","Venue","Full","0"
"D42A4205","Vulcan Hotel - Darling Harbour","Venue","Full","0"
"D8615789","Vulcan Hotel - Darling Harbour","Venue","Full","0"
"803E6016","Vibe Hotel Rushcutters Sydney","Venue","Full","0"
"7E4F94CB","Vibe Hotel Rushcutters Sydney","Venue","Full","45.4"
"AF385698","Vibe Hotel North Sydney","Venue","Full","0"
"46FDE695","Tune Hotel King Cross","Venue","Full","0"
"F78F5E2A","Travelodge Hotel Suites Napa Valley","Venue","Full","0"
"837CCA60","Tonic Hotel","Venue","Full","0"
"4E891D51","Tonic Hotel","Venue","Full","0"
"68DB48E7","Tonic Hotel","Venue","Full","14.2"
"8694C4E1","Tonic Hotel","Venue","Full","35"
"4DEF4258","The Villa Florence Hotel","Venue","Full","0"
"DA6098AF","The Villa Florence Hotel","Venue","Full","0"
"0B43D44F","The Tuscan A Kimpton Hotel","Venue","Full","25.7"
"5A0BE029","The Tuscan A Kimpton Hotel","Venue","Full","44.4"
"1A2E5293","The Telford Whitehouse Hotel","Venue","Full","0"
"4B3043C2","The St Regis Hotel San Francisco","Venue","Full","0"
"2B41DE48","The St Regis Hotel San Francisco","Venue","Full","0"
"29253BA8","The St Regis Hotel San Francisco","Venue","Full","0"
"8E9C8595","The Russell Hotel","Venue","Full","0"
"8DA2B08F","The Russell Hotel","Venue","Full","39.3"
"A21ED7BA","The Pickwick Hotel","Venue","Full","0"
"58F45125","The Observatory Hotel","Venue","Full","0"
"CBAF5E13","The Observatory Hotel","Venue","Full","20.2"
"A1F58CD1","The Henley Park Hotel","Venue","Full","0"
"0B5F31C2","The Entrance Waldorf Apartment Hotel","Venue","Full","0"
"793298AD","The Cartwright Hotel","Venue","Full","39.1"
"D3DC61CD","The Cadogan Hotel","Venue","Full","0"
"4EEF3DB1","The Broughton Hotel M1 Jct 14","Venue","Full","0"
"EEBACAA8","The Argyll Hotel","Venue","Full","0"
"2F9A4604","The Argent Hotel San Francisco","Venue","Full","0"
"FAEC402C","The Argent Hotel San Francisco","Venue","Full","48"
"F677D673","The Andrews Hotel, a Joie de Vivre Boutique Hotel","Venue","Full","0"
"B9DB9060","Tahoe Biltmore Hotel & Casino","Venue","Full","19.9"
"1ADC1D7C","Sydney Wattle Hotel","Venue","Full","22.3"
"4FA372BE","Sydney Marriott Hotel","Venue","Full","0"
"F34F036E","Sydney Marriott Hotel","Venue","Full","26.3"
"3900670F","Sydney Marriott Hotel","Venue","Full","32.3"
"7362FD95","Sydney Brewery","Brewery","Full","0"
"56C82D17","Sydney Brewery","Brewery","Full","0"
"07AF774F","Sydney Brewery","Brewery","Full","0"
"EDBB62CB","Sydney Brewery","Brewery","Full","0"
"D17CC534","Sydney Brewery","Brewery","Full","0"
"CA5B914B","Sydney Brewery","Brewery","Full","0"
"AA1B2385","Sydney Brewery","Brewery","Full","0"
"5EF9AE9A","Sydney Brewery","Brewery","Full","0"
"7E83749F","Sydney Brewery","Brewery","Full","0"
"BE10C9CB","Sydney Brewery","Brewery","Full","0"
"54C6ECAF","Sydney Brewery","Brewery","Full","0"
"54152A9D","Sydney Brewery","Brewery","Full","0"
"B5D1B319","Sydney Brewery","Brewery","Full","0"
"0965EC95","Sydney Brewery","Brewery","Full","0"
"B77E5924","Sydney Brewery","Brewery","Full","0"
"89341337","Sydney Brewery","Brewery","Full","0"
"2C9F34E5","Sydney Brewery","Brewery","Full","0"
"084FB5E2","Sydney Brewery","Brewery","Full","0"
"FA254840","Sydney Brewery","Brewery","Full","0"
"7E131554","Sydney Brewery","Brewery","Full","0"
"AF088C9A","Sydney Brewery","Brewery","Full","0"
"9A22AA16","Sydney Brewery","Brewery","Full","0"
"C0B01BAE","Sydney Brewery","Brewery","Full","0"
"27BC6D81","Sydney Brewery","Brewery","Full","0"
"9B339586","Sydney Brewery","Brewery","Full","0"
"6332216D","Sydney Brewery","Brewery","Full","0"
"51056DC6","Sydney Brewery","Brewery","Full","0"
"F5EC4118","Sydney Brewery","Brewery","Full","0"
"AA9F8C65","Sydney Brewery","Brewery","Full","0"
"2A143023","Sydney Brewery","Brewery","Full","0"
"A249128D","Sydney Brewery","Brewery","Full","27.7"
"FD369309","Sydney Brewery","Brewery","Full","46.6"
"BFC443A0","Sydney Brewery","Brewery","Full","51.4"
"365DB83A","Sydney Brewery","Brewery","Full","63.8"
"1D1D3623","Sydney Brewery","Brewery","Full","68.7"
"5584F675","Sydney Brewery","Brewery","Full","70.2"
"33C28B77","Sydney Brewery","Brewery","Full","71.2"
"1CEC4B16","Sydney Brewery","Brewery","Full","72.5"
"E74CF699","Sydney Brewery","Brewery","Full","72.8"
"105B2650","Sydney Brewery","Brewery","Full","73"
"604ED989","Sydney Brewery","Brewery","Full","73.3"
"45077C15","Sydney Brewery","Brewery","Full","75.1"
"78D95A14","Sydney Brewery","Brewery","Full","75.3"
"24CFE096","Sydney Brewery","Brewery","Full","75.5"
"0468C707","Sydney Brewery","Brewery","Full","75.6"
"461BAB4C","Sydney Brewery","Brewery","Full","77.4"
"BED408E2","Sydney Brewery","Brewery","Full","78"
"718FFD5A","Sydney Brewery","Brewery","Full","79.9"
"3AFBAE9E","Sydney Brewery","Brewery","Full","80.1"
"976AD696","Sydney Brewery","Brewery","Full","82"
"C2B82E5A","Sydney Brewery","Brewery","Full","82.1"
"3D754DD5","Sydney Brewery","Brewery","Full","82.3"
"58394D07","Sydney Brewery","Brewery","Full","82.3"
"8A53C590","Sydney Brewery","Brewery","Full","84.3"
"D7FEE15B","Sydney Brewery","Brewery","Full","84.5"
"AAAFDE57","Sydney Brewery","Brewery","Full","84.5"
"60B6CF4D","Sydney Brewery","Brewery","Full","84.5"
"0DA8B332","Sydney Brewery","Brewery","Full","86.9"
"EC944FEC","Sydney Brewery","Brewery","Full","86.9"
"2284BB9F","Sydney Brewery","Brewery","Full","87.7"
"D13013B7","Sydney Brewery","Brewery","Full","89.3"
"4F4B1F45","Sydney Brewery","Brewery","Full","89.5"
"02478F7E","Sydney Brewery","Brewery","Full","89.6"
"20958419","Sydney Brewery","Brewery","Full","91.6"
"67C74F27","Sydney Brewery","Brewery","Full","91.9"
"01295DDB","Sydney Brewery","Brewery","Full","92.1"
"D2A31ED0","Sydney Brewery","Brewery","Full","94.4"
"01CB8B27","Sydney Brewery","Brewery","Full","96.4"
"EAB6AF7F","Sydney Brewery","Brewery","Full","96.7"
"97FF23DC","Sydney Brewery","Brewery","Full","99"
"4138CCD8","Sydney Brewery","Brewery","Full","99"
"856506A8","Sydney Brewery","Brewery","Full","99"
"50121728","Swiss Grand Hotel Bondi Beach","Venue","Full","41.6"
"AE732F67","Swiss Grand Hotel Bondi Beach","Venue","Full","48.6"
"0A49DAE2","Surrey Inn Hotel","Venue","Full","0"
"81D97294","Sullivans Hotel","Venue","Full","0"
"63D30B1E","Stirrups Hotel","Venue","Full","0"
"5A61DA89","Staybridge Suites Toledo - Maumee Hotel","Venue","Full","0"
"68F43489","Station Hotel Parkes","Venue","Full","0"
"EC58EE54","Station Hotel Parkes","Venue","Full","0"
"7FB4227E","Station Hotel Parkes","Venue","Full","43.1"
"E80844D6","Stanford Park Hotel","Venue","Full","0"
"B95D4349","St. Helen's Hotel","Venue","Full","0"
"C68A2610","Spaulding Hotel","Venue","Full","24.9"
"7DF3B12E","Sleep Inn & Suites Downtown Inner Harbor Hotel","Venue","Full","0"
"896B48CD","Sir Christopher Wren Hotel & Spa","Venue","Full","0"
"500A305E","Siena Hotel Spa Casino","Venue","Full","0"
"29CB815B","Sheraton Rockville Hotel","Venue","Full","0"
"E7954EF5","Sheraton Independence Hotel","Venue","Full","0"
"546F995C","Sheraton Independence Hotel","Venue","Full","1.8"
"F60A6081","Sheraton Gateway San Francisco Airport Hotel","Venue","Full","58.1"
"EAE63D5E","Seacrest Oceanfront Hotel","Venue","Full","0"
"F2710F3C","Savoy Hotel","Venue","Full","0"
"AB83EA70","Savoy Hotel","Venue","Full","0"
"37AF4B2D","San Remo Hotel","Venue","Full","0"
"2C371121","San Jose Warehouse","Warehouse","Full","0"
"0ADD103A","San Jose Warehouse","Warehouse","Full","0"
"0782A3FB","San Jose Warehouse","Warehouse","Full","0"
"AD7B9B64","San Jose Warehouse","Warehouse","Full","0"
"716F0DD8","San Jose Warehouse","Warehouse","Full","0"
"1CCFB5A6","San Jose Warehouse","Warehouse","Full","0"
"56E5BE3B","San Jose Warehouse","Warehouse","Full","0"
"E565DE6E","San Jose Warehouse","Warehouse","Full","0"
"17C967EA","San Jose Warehouse","Warehouse","Full","0"
"4F770349","San Jose Warehouse","Warehouse","Full","0"
"8784DFC7","San Jose Warehouse","Warehouse","Full","0"
"78C363F1","San Jose Warehouse","Warehouse","Full","39"
"7E4B8467","San Jose Warehouse","Warehouse","Full","40.5"
"5BCF77EE","San Jose Warehouse","Warehouse","Full","46.8"
"FA1BA897","San Jose Warehouse","Warehouse","Full","47.1"
"1F9D8538","San Jose Warehouse","Warehouse","Full","48.9"
"85D351C6","San Jose Warehouse","Warehouse","Full","53.4"
"42304BA3","San Jose Warehouse","Warehouse","Full","54.6"
"5A25A300","San Jose Warehouse","Warehouse","Full","58.8"
"1ACC508B","San Jose Warehouse","Warehouse","Full","58.9"
"AB1EAD08","San Jose Warehouse","Warehouse","Full","61.2"
"47CECB7A","San Jose Warehouse","Warehouse","Full","61.3"
"991C77E3","San Jose Warehouse","Warehouse","Full","63.8"
"CD223B2A","San Jose Warehouse","Warehouse","Full","67"
"2C1F8C5A","San Jose Warehouse","Warehouse","Full","67.1"
"F6038DC9","San Jose Warehouse","Warehouse","Full","73.1"
"38D652F8","San Jose Warehouse","Warehouse","Full","73.4"
"FA3BB85D","San Jose Warehouse","Warehouse","Full","75.3"
"80B628CE","San Jose Warehouse","Warehouse","Full","85"
"3A8BA52E","San Joaquin Hotel","Venue","Full","0"
"165526D8","San Fransisco Warehouse","Warehouse","Full","0"
"BA2520E2","San Fransisco Warehouse","Warehouse","Full","0"
"3A1D83FB","San Fransisco Warehouse","Warehouse","Full","0"
"5515D735","San Fransisco Warehouse","Warehouse","Full","0"
"053168BB","San Fransisco Warehouse","Warehouse","Full","0"
"A80C9B6F","San Fransisco Warehouse","Warehouse","Full","0"
"858CCB5C","San Fransisco Warehouse","Warehouse","Full","0"
"E7860AB9","San Fransisco Warehouse","Warehouse","Full","0"
"3FFD05F5","San Fransisco Warehouse","Warehouse","Full","13.6"
"B11C79FB","San Fransisco Warehouse","Warehouse","Full","17.3"
"26F4E911","San Fransisco Warehouse","Warehouse","Full","25.8"
"EEC1E7FE","San Fransisco Warehouse","Warehouse","Full","26.7"
"C5AAB0FA","San Fransisco Warehouse","Warehouse","Full","32.8"
"F72306F1","San Fransisco Warehouse","Warehouse","Full","36.5"
"6D982B52","San Fransisco Warehouse","Warehouse","Full","37.3"
"410188F7","San Fransisco Warehouse","Warehouse","Full","37.6"
"9CB7AE9E","San Fransisco Warehouse","Warehouse","Full","37.9"
"5A5726DE","San Fransisco Warehouse","Warehouse","Full","38"
"06F85D4C","San Fransisco Warehouse","Warehouse","Full","39.8"
"B47EA573","San Fransisco Warehouse","Warehouse","Full","44.6"
"32546D01","San Fransisco Warehouse","Warehouse","Full","46.8"
"6F48316C","San Fransisco Warehouse","Warehouse","Full","49.4"
"22E9E112","San Fransisco Warehouse","Warehouse","Full","49.8"
"16724015","San Fransisco Warehouse","Warehouse","Full","50.2"
"A9F58D2D","San Fransisco Warehouse","Warehouse","Full","50.9"
"48DD95C7","San Fransisco Warehouse","Warehouse","Full","54.1"
"33B6AC10","San Fransisco Warehouse","Warehouse","Full","54.4"
"9A4B8D73","San Fransisco Warehouse","Warehouse","Full","57.4"
"75B95D18","San Fransisco Warehouse","Warehouse","Full","58.2"
"076ABA9A","San Fransisco Warehouse","Warehouse","Full","60"
"DC1D9C17","San Fransisco Warehouse","Warehouse","Full","62"
"9579041E","San Fransisco Warehouse","Warehouse","Full","63.4"
"B96CE539","San Fransisco Warehouse","Warehouse","Full","64.7"
"2D5E640E","San Fransisco Warehouse","Warehouse","Full","70.6"
"096AF11D","San Fransisco Warehouse","Warehouse","Full","70.7"
"6C4A9F12","San Fransisco Warehouse","Warehouse","Full","70.7"
"47EB4BB4","San Fransisco Warehouse","Warehouse","Full","70.8"
"BC8A5304","San Fransisco Warehouse","Warehouse","Full","71.1"
"6758A734","San Fransisco Warehouse","Warehouse","Full","72.1"
"4538B3CD","San Fransisco Warehouse","Warehouse","Full","77.6"
"360EAA6A","San Fransisco Warehouse","Warehouse","Full","80"
"B3277FF8","San Fransisco Brewery","Brewery","Full","0"
"46803032","San Fransisco Brewery","Brewery","Full","0"
"B76303FE","San Fransisco Brewery","Brewery","Full","0"
"028C2689","San Fransisco Brewery","Brewery","Full","0"
"AE3696B9","San Fransisco Brewery","Brewery","Full","0"
"36EEDE6E","San Fransisco Brewery","Brewery","Full","0"
"3B21FE13","San Fransisco Brewery","Brewery","Full","0"
"5100D7C4","San Fransisco Brewery","Brewery","Full","0"
"A6E1F401","San Fransisco Brewery","Brewery","Full","0"
"6016B3DA","San Fransisco Brewery","Brewery","Full","0"
"CBDC1C10","San Fransisco Brewery","Brewery","Full","0"
"0C383517","San Fransisco Brewery","Brewery","Full","0"
"5F7DEF14","San Fransisco Brewery","Brewery","Full","0"
"9E110CE5","San Fransisco Brewery","Brewery","Full","0"
"742A18D1","San Fransisco Brewery","Brewery","Full","0"
"E3C50EB4","San Fransisco Brewery","Brewery","Full","0"
"DA07B0EE","San Fransisco Brewery","Brewery","Full","0"
"E74788C6","San Fransisco Brewery","Brewery","Full","0"
"4B465323","San Fransisco Brewery","Brewery","Full","0"
"C1F6DA9F","San Fransisco Brewery","Brewery","Full","0"
"9A83B55A","San Fransisco Brewery","Brewery","Full","0"
"66935F15","San Fransisco Brewery","Brewery","Full","0"
"6CBC5E64","San Fransisco Brewery","Brewery","Full","0"
"AEC7E944","San Fransisco Brewery","Brewery","Full","0"
"9DCA1EDE","San Fransisco Brewery","Brewery","Full","0"
"1B020E1B","San Fransisco Brewery","Brewery","Full","0"
"4AB15EBC","San Fransisco Brewery","Brewery","Full","26.2"
"1F9F44EF","San Fransisco Brewery","Brewery","Full","60.8"
"C8E2C885","San Fransisco Brewery","Brewery","Full","61.5"
"310D5AEF","San Fransisco Brewery","Brewery","Full","63.3"
"20FD535E","San Fransisco Brewery","Brewery","Full","65.6"
"46C5EB60","San Fransisco Brewery","Brewery","Full","67.9"
"C9A81677","San Fransisco Brewery","Brewery","Full","68.6"
"9A165FAB","San Fransisco Brewery","Brewery","Full","70.5"
"4A2D3EAB","San Fransisco Brewery","Brewery","Full","70.9"
"09EAB114","San Fransisco Brewery","Brewery","Full","71"
"2439063F","San Fransisco Brewery","Brewery","Full","71.1"
"E558F886","San Fransisco Brewery","Brewery","Full","72.4"
"849EBE90","San Fransisco Brewery","Brewery","Full","73.5"
"87EF81A2","San Fransisco Brewery","Brewery","Full","74.8"
"1AE1FB31","San Fransisco Brewery","Brewery","Full","77.9"
"14BBA903","San Fransisco Brewery","Brewery","Full","77.9"
"0FF788E4","San Fransisco Brewery","Brewery","Full","79.7"
"E17FCE29","San Fransisco Brewery","Brewery","Full","80.1"
"76A7749C","San Fransisco Brewery","Brewery","Full","80.2"
"94898D07","San Fransisco Brewery","Brewery","Full","81.9"
"0CCDC27D","San Fransisco Brewery","Brewery","Full","82.2"
"0D0BD220","San Fransisco Brewery","Brewery","Full","82.8"
"D9857E33","San Fransisco Brewery","Brewery","Full","83.2"
"9D6ADA27","San Fransisco Brewery","Brewery","Full","84.4"
"C74ABFA5","San Fransisco Brewery","Brewery","Full","84.8"
"47A00FBD","San Fransisco Brewery","Brewery","Full","84.8"
"59FD5492","San Fransisco Brewery","Brewery","Full","85"
"632EB3A4","San Fransisco Brewery","Brewery","Full","86.9"
"8205A9D2","San Fransisco Brewery","Brewery","Full","87"
"A9F34600","San Fransisco Brewery","Brewery","Full","87.1"
"B04B086C","San Fransisco Brewery","Brewery","Full","87.2"
"FAAD157F","San Fransisco Brewery","Brewery","Full","87.4"
"D70C8B38","San Fransisco Brewery","Brewery","Full","89.5"
"90D2743C","San Fransisco Brewery","Brewery","Full","89.6"
"4ABAE769","San Fransisco Brewery","Brewery","Full","91.8"
"973E0F54","San Fransisco Brewery","Brewery","Full","91.8"
"3062569B","San Fransisco Brewery","Brewery","Full","92.2"
"41A194B2","San Fransisco Brewery","Brewery","Full","94.1"
"E4F223B1","San Fransisco Brewery","Brewery","Full","94.4"
"8D34B0DF","San Fransisco Brewery","Brewery","Full","94.5"
"E2A3BBB5","San Fransisco Brewery","Brewery","Full","94.5"
"52B8DC3E","San Fransisco Brewery","Brewery","Full","96.4"
"9438CD30","San Fransisco Brewery","Brewery","Full","96.5"
"CFA297B8","San Fransisco Brewery","Brewery","Full","96.5"
"4E47C9D7","San Fransisco Brewery","Brewery","Full","96.7"
"6878452E","San Fransisco Brewery","Brewery","Full","98.9"
"39A2A4DF","San Fransisco Brewery","Brewery","Full","99"
"E9BB55AF","San Fransisco Brewery","Brewery","Full","99"
"E856B996","Saint Charles Hotel (historical)","Venue","Full","0"
"3E7C30C4","Rydges Hotel Cronulla Sydney","Venue","Full","0"
"3D36BCF9","Rydges Hotel Cronulla Sydney","Venue","Full","0"
"0C3BE171","Royal Garden Hotel - A Summit Hotel","Venue","Full","0"
"D4222F9F","Royal Ettrick Hotel Edinburgh","Venue","Full","0"
"116C9557","Rosedene Hotel","Venue","Full","0"
"0FD6DB8B","Renoir Hotel","Venue","Full","0"
"CC744E3E","Rendezvous Stafford Hotel Sydney","Venue","Full","0"
"13584A0E","Renaissance Stanford Court Hotel","Venue","Full","0"
"F0125E5E","Ravna Gora Hotel","Venue","Full","0"
"D8F9C59F","Randwick Warehouse","Warehouse","Full","0"
"E0727FD3","Randwick Warehouse","Warehouse","Full","0"
"EB90B133","Randwick Warehouse","Warehouse","Full","0"
"FEE5E2DC","Randwick Warehouse","Warehouse","Full","0"
"7E73F4DF","Randwick Warehouse","Warehouse","Full","0"
"F7C898D0","Randwick Warehouse","Warehouse","Full","0"
"01D47CC7","Randwick Warehouse","Warehouse","Full","0"
"5674F174","Randwick Warehouse","Warehouse","Full","0"
"9C8CCC3E","Randwick Warehouse","Warehouse","Full","25.5"
"5B9330B3","Randwick Warehouse","Warehouse","Full","27.4"
"01F075BC","Randwick Warehouse","Warehouse","Full","30.6"
"C85D9BE5","Randwick Warehouse","Warehouse","Full","31"
"3D7B5CA0","Randwick Warehouse","Warehouse","Full","40.9"
"B9196ECD","Randwick Warehouse","Warehouse","Full","41.7"
"4E5063F6","Randwick Warehouse","Warehouse","Full","42.6"
"EF81698F","Randwick Warehouse","Warehouse","Full","46.9"
"6A82CDE7","Randwick Warehouse","Warehouse","Full","47.1"
"66124906","Randwick Warehouse","Warehouse","Full","50.1"
"BE104B3D","Randwick Warehouse","Warehouse","Full","51.5"
"FBE9B6F4","Randwick Warehouse","Warehouse","Full","52"
"72867C5B","Randwick Warehouse","Warehouse","Full","53.4"
"BDA39B0D","Randwick Warehouse","Warehouse","Full","54.2"
"8F4121D8","Randwick Warehouse","Warehouse","Full","55.2"
"92227F05","Randwick Warehouse","Warehouse","Full","57.1"
"F7A06509","Randwick Warehouse","Warehouse","Full","57.5"
"3160D5FD","Randwick Warehouse","Warehouse","Full","59.2"
"EC6B9360","Randwick Warehouse","Warehouse","Full","61.2"
"0650872E","Randwick Warehouse","Warehouse","Full","61.3"
"7D89605B","Randwick Warehouse","Warehouse","Full","61.6"
"79BAA188","Randwick Warehouse","Warehouse","Full","61.6"
"960F30CF","Randwick Warehouse","Warehouse","Full","62.8"
"8895FE9D","Randwick Warehouse","Warehouse","Full","63.3"
"F8B5F6EB","Randwick Warehouse","Warehouse","Full","63.7"
"689391A1","Randwick Warehouse","Warehouse","Full","65.4"
"C928509F","Randwick Warehouse","Warehouse","Full","67.8"
"75D15390","Randwick Warehouse","Warehouse","Full","70.5"
"9EBC633C","Randwick Warehouse","Warehouse","Full","72.9"
"F45D0E9B","Randwick Warehouse","Warehouse","Full","77.6"
"FC4D1E9B","Randwick Warehouse","Warehouse","Full","79.4"
"945DC559","Randwick Warehouse","Warehouse","Full","82.5"
"C4D75A74","Randwick Warehouse","Warehouse","Full","84.5"
"9A415263","Ramada Plaza Hotel Dayton","Venue","Full","0"
"2F683E5A","Ramada Plaza Hotel Dayton","Venue","Full","0"
"E35F5851","Ramada Plaza Columbus North Hotel and Conference Center","Venue","Full","0"
"7F0299E8","Radisson Hotel Cleveland Gateway","Venue","Full","0"
"1C779D96","Radisson Hotel Cleveland Airport","Venue","Full","0"
"B0ADF5A9","Radisson Hotel Akron/Fairlawn","Venue","Full","0"
"C817B84D","Radisson Blu Hotel Durham","Venue","Full","0"
"4D0CE505","Quality Maitrise Hotel","Venue","Full","0"
"4A66D745","Quality Hotel Sands","Venue","Full","0"
"A13073E6","Quality Hotel Sands","Venue","Full","0"
"173713CA","Quality Hotel Sands","Venue","Full","0"
"B52DE3BB","Quality Hotel Sands","Venue","Full","51.3"
"C5BF6313","Quality Cks Sydney Airport Hotel","Venue","Full","34.6"
"A4BA1A17","Posh Hotel","Venue","Full","32.4"
"B62618B1","Portola Plaza Hotel Monterey","Venue","Full","0"
"03AB0273","Portmarnock Hotel & Golf Links","Venue","Full","24.3"
"32CE63C6","Pittsburgh Brewery","Brewery","Full","0"
"0E5F8405","Pittsburgh Brewery","Brewery","Full","0"
"5B46ECD6","Pittsburgh Brewery","Brewery","Full","0"
"3F5B5BDB","Pittsburgh Brewery","Brewery","Full","0"
"2971B8B3","Pittsburgh Brewery","Brewery","Full","0"
"8D94FCD0","Pittsburgh Brewery","Brewery","Full","0"
"F6B4151A","Pittsburgh Brewery","Brewery","Full","0"
"BCE5610D","Pittsburgh Brewery","Brewery","Full","0"
"8BCB7964","Pittsburgh Brewery","Brewery","Full","0"
"4137D64E","Pittsburgh Brewery","Brewery","Full","55.8"
"8AD0CC45","Pittsburgh Brewery","Brewery","Full","63.5"
"A6F7844E","Pittsburgh Brewery","Brewery","Full","70.4"
"DBE9F4CB","Pittsburgh Brewery","Brewery","Full","70.7"
"6EE36D85","Pittsburgh Brewery","Brewery","Full","72.8"
"237550BE","Pittsburgh Brewery","Brewery","Full","75.3"
"30A7DE20","Pittsburgh Brewery","Brewery","Full","77"
"5E6278D8","Pittsburgh Brewery","Brewery","Full","77.4"
"A666A9E6","Pittsburgh Brewery","Brewery","Full","78"
"A881BCF8","Pittsburgh Brewery","Brewery","Full","80.4"
"DE717AE3","Pittsburgh Brewery","Brewery","Full","82.3"
"59FE20CE","Pittsburgh Brewery","Brewery","Full","82.9"
"514EEADF","Pittsburgh Brewery","Brewery","Full","89.4"
"AE1D4572","Pittsburgh Brewery","Brewery","Full","89.6"
"67EC8D91","Pittsburgh Brewery","Brewery","Full","94.1"
"AA4C2F8F","Pittsburgh Brewery","Brewery","Full","94.1"
"D09EC35E","Pittsburgh Brewery","Brewery","Full","96.4"
"177DFE83","Pittsburgh Brewery","Brewery","Full","96.7"
"C1B0CCCB","Pittsburgh Brewery","Brewery","Full","98.9"
"8A8D4137","Pittsburgh Brewery","Brewery","Full","99"
"5EFD226B","Petite Auberge, a Joie de Vivre Boutique Hotel","Venue","Full","13.4"
"A6A7D47F","Pennant Hills Waldorf Apartment Hotel","Venue","Full","0"
"D14BCE6C","Pennant Hills Waldorf Apartment Hotel","Venue","Full","0"
"2ABD3FE6","Peabody Court - A Clarion Hotel","Venue","Full","0"
"4B627A76","Parramatta Warehouse","Warehouse","Full","0"
"3C35BCF3","Parramatta Warehouse","Warehouse","Full","0"
"9BA7D538","Parramatta Warehouse","Warehouse","Full","0"
"39EB27C2","Parramatta Warehouse","Warehouse","Full","0"
"AAF2A530","Parramatta Warehouse","Warehouse","Full","0"
"22C21DE5","Parramatta Warehouse","Warehouse","Full","0"
"DC797E20","Parramatta Warehouse","Warehouse","Full","0"
"5CD361AC","Parramatta Warehouse","Warehouse","Full","0"
"2B6D7343","Parramatta Warehouse","Warehouse","Full","18.3"
"AA8298F0","Parramatta Warehouse","Warehouse","Full","19.2"
"F6CC2AB8","Parramatta Warehouse","Warehouse","Full","20.6"
"62B22391","Parramatta Warehouse","Warehouse","Full","33.7"
"1C8704A1","Parramatta Warehouse","Warehouse","Full","40"
"0D6B6B65","Parramatta Warehouse","Warehouse","Full","42.7"
"FB65E494","Parramatta Warehouse","Warehouse","Full","44.1"
"CFB5FDC8","Parramatta Warehouse","Warehouse","Full","44.8"
"2E8945E0","Parramatta Warehouse","Warehouse","Full","45.7"
"EE3F6415","Parramatta Warehouse","Warehouse","Full","47.2"
"8FD6B978","Parramatta Warehouse","Warehouse","Full","47.9"
"FBF94AD0","Parramatta Warehouse","Warehouse","Full","49"
"8748BD8E","Parramatta Warehouse","Warehouse","Full","50.7"
"F0CFF8FD","Parramatta Warehouse","Warehouse","Full","51.6"
"7DD59D35","Parramatta Warehouse","Warehouse","Full","54.9"
"79E6DE19","Parramatta Warehouse","Warehouse","Full","55"
"5F6402AB","Parramatta Warehouse","Warehouse","Full","57.1"
"0C88FD45","Parramatta Warehouse","Warehouse","Full","57.4"
"01080DA5","Parramatta Warehouse","Warehouse","Full","58.1"
"CE4253D2","Parramatta Warehouse","Warehouse","Full","59.1"
"C3E4ABA1","Parramatta Warehouse","Warehouse","Full","63.5"
"2F3C76B3","Parramatta Warehouse","Warehouse","Full","63.8"
"3CC94A0C","Parramatta Warehouse","Warehouse","Full","65"
"7B140707","Parramatta Warehouse","Warehouse","Full","65.1"
"704C9451","Parramatta Warehouse","Warehouse","Full","65.2"
"94F33FDA","Parramatta Warehouse","Warehouse","Full","67.8"
"1728DAF4","Parramatta Warehouse","Warehouse","Full","70.2"
"1F443660","Parramatta Warehouse","Warehouse","Full","70.2"
"C47C581F","Parramatta Warehouse","Warehouse","Full","71"
"6243A8CD","Parramatta Warehouse","Warehouse","Full","77"
"F90CF629","Pan Pacific Hotel","Venue","Full","0"
"0B5C3F84","Pacific Intl Hotel Apts Bankstown","Venue","Full","0"
"1FB8D6D8","Pacific Intl Hotel Apts Bankstown","Venue","Full","0"
"7E5037CC","Pacific Intl Hotel Apts Bankstown","Venue","Full","45.9"
"4E111128","Pacific International Hotel - Sydney","Venue","Full","0"
"897E7678","Oxford Hotel","Venue","Full","21.4"
"2FDEF677","One Washington Circle Hotel","Venue","Full","0"
"203DA216","Omni San Francisco Hotel","Venue","Full","0"
"DDC90808","Omni San Francisco Hotel","Venue","Full","0"
"696454AC","Omni Charlottesville Hotel","Venue","Full","0"
"FBEB8CAE","Olims Canberra Hotel","Venue","Full","0"
"036ABF10","North Sydney Harbourview Hotel","Venue","Full","0"
"45CE1311","North Sydney Harbourview Hotel","Venue","Full","0"
"BF05C9F7","North Sydney Harbourview Hotel","Venue","Full","0"
"7919033B","North Sydney Harbourview Hotel","Venue","Full","0"
"ACDC59B0","North Sydney Harbourview Hotel","Venue","Full","14.7"
"1126C375","North Sydney Harbourview Hotel","Venue","Full","14.8"
"A8DC6172","New Hall Hotel & Spa","Venue","Full","0"
"2CE65D83","Morgantown Warehouse","Warehouse","Full","0"
"947BD5CB","Morgantown Warehouse","Warehouse","Full","0"
"7BBF23FD","Morgantown Warehouse","Warehouse","Full","0"
"9D9946D6","Morgantown Warehouse","Warehouse","Full","0"
"D92A09C3","Morgantown Warehouse","Warehouse","Full","0"
"60DFCCB5","Morgantown Warehouse","Warehouse","Full","0"
"A69A9F8B","Morgantown Warehouse","Warehouse","Full","0"
"4BC0DA01","Morgantown Warehouse","Warehouse","Full","0"
"D3CC4690","Morgantown Warehouse","Warehouse","Full","0"
"352672DC","Morgantown Warehouse","Warehouse","Full","32.6"
"8B038C56","Morgantown Warehouse","Warehouse","Full","39.6"
"50CA30C2","Morgantown Warehouse","Warehouse","Full","41.2"
"8B4E4195","Morgantown Warehouse","Warehouse","Full","44.8"
"DC16F4D7","Morgantown Warehouse","Warehouse","Full","45.1"
"534BA8F9","Morgantown Warehouse","Warehouse","Full","47.6"
"54659AF3","Morgantown Warehouse","Warehouse","Full","49"
"5062DF12","Morgantown Warehouse","Warehouse","Full","50.6"
"805BCD13","Morgantown Warehouse","Warehouse","Full","51.3"
"E3000803","Morgantown Warehouse","Warehouse","Full","51.5"
"8DAFC486","Morgantown Warehouse","Warehouse","Full","55.9"
"1D9419A1","Morgantown Warehouse","Warehouse","Full","59.3"
"C389B277","Morgantown Warehouse","Warehouse","Full","61.9"
"A761ABDC","Morgantown Warehouse","Warehouse","Full","64"
"5871D620","Morgantown Warehouse","Warehouse","Full","66.6"
"4FA11FC5","Morgantown Warehouse","Warehouse","Full","70.6"
"A42A0AD0","Morgantown Warehouse","Warehouse","Full","70.6"
"A052F09A","Morgantown Warehouse","Warehouse","Full","73.3"
"37D82654","Morgantown Warehouse","Warehouse","Full","99"
"BA4C6244","Moorpark Hotel, a Joie de Vivre Boutique Hotel","Venue","Full","0"
"631A63AA","Monterey Plaza Hotel & Spa","Venue","Full","0"
"85581FE7","Montbleu Resort Casino & Spa Hotel","Venue","Full","0"
"B7263B74","Montbleu Resort Casino & Spa Hotel","Venue","Full","0"
"5ED7AD89","Mithila Hotel","Venue","Full","0"
"067A56FD","Mill Valley Inn, a Joie de Vivre Boutique Hotel","Venue","Full","28.8"
"ABF721A5","Mgsm Executive Hotel and Conference Centre","Venue","Full","0"
"0A404D3A","Mgsm Executive Hotel","Venue","Full","0"
"FF949C2D","Metro Hotel Miranda","Venue","Full","0"
"9B2A75BE","Mercure Hotel Sydney Airport","Venue","Full","0"
"FA1EB420","Mercure Hotel Sydney Airport","Venue","Full","28.7"
"9663CAA9","Mercure Blackburn Dunkenhalgh Hotel And Spa","Venue","Full","0"
"FD24A48A","Menzies And Golf Course Hotel","Venue","Full","13"
"891F0D62","McCloud Hotel B & B","Venue","Full","37.3"
"BDFCD44F","Marriott Napa Valley Hotel & Spa","Venue","Full","0"
"2F515C3C","Marriott Ashbourne Hotel","Venue","Full","0"
"26E2FF5D","Marque Hotel Sydney","Venue","Full","24.1"
"F9C6461F","Marketview Hotel","Venue","Full","0"
"A673F924","Marketview Hotel","Venue","Full","0"
"86A3B8DF","Marketview Hotel","Venue","Full","25.6"
"74E75344","Marin Suites Hotel","Venue","Full","0"
"219584EF","Manchester Warehouse","Warehouse","Full","0"
"3D2FB155","Manchester Warehouse","Warehouse","Full","0"
"948F7D2F","Manchester Warehouse","Warehouse","Full","0"
"2361E8CB","Manchester Warehouse","Warehouse","Full","0"
"CC5D8F7C","Manchester Warehouse","Warehouse","Full","0"
"61E6176B","Manchester Warehouse","Warehouse","Full","3.3"
"7BB5BA2D","Manchester Warehouse","Warehouse","Full","17.8"
"D5181BC6","Manchester Warehouse","Warehouse","Full","29.9"
"7EA4AAF4","Manchester Warehouse","Warehouse","Full","37.7"
"E2006A49","Manchester Warehouse","Warehouse","Full","37.8"
"B0F11F38","Manchester Warehouse","Warehouse","Full","43.1"
"F3A1F756","Manchester Warehouse","Warehouse","Full","51.4"
"5FCD64E0","Manchester Warehouse","Warehouse","Full","53.4"
"E2CC3933","Manchester Warehouse","Warehouse","Full","54.5"
"C3765D05","Manchester Warehouse","Warehouse","Full","56.7"
"C8D865DC","Manchester Warehouse","Warehouse","Full","58.2"
"621D4EEC","Manchester Warehouse","Warehouse","Full","60.9"
"F72F7595","Manchester Warehouse","Warehouse","Full","68.4"
"252F1970","Manchester Warehouse","Warehouse","Full","74.3"
"3D91802A","Manchester Brewery","Brewery","Full","0"
"838C40FB","Manchester Brewery","Brewery","Full","0"
"01FA12C3","Manchester Brewery","Brewery","Full","0"
"F273EE58","Manchester Brewery","Brewery","Full","0"
"D8A97F80","Manchester Brewery","Brewery","Full","0"
"9F82CB1F","Manchester Brewery","Brewery","Full","0"
"93EB21CD","Manchester Brewery","Brewery","Full","0"
"56550863","Manchester Brewery","Brewery","Full","0"
"27F2ECA2","Manchester Brewery","Brewery","Full","0"
"371ACC44","Manchester Brewery","Brewery","Full","0"
"32F4B1EF","Manchester Brewery","Brewery","Full","0"
"9B8B151E","Manchester Brewery","Brewery","Full","0"
"AC6552FF","Manchester Brewery","Brewery","Full","57.2"
"F66B97D7","Manchester Brewery","Brewery","Full","63"
"7D84C4EE","Manchester Brewery","Brewery","Full","64.9"
"6BADCAEE","Manchester Brewery","Brewery","Full","70.6"
"0F009AA1","Manchester Brewery","Brewery","Full","73.2"
"B9E24ACB","Manchester Brewery","Brewery","Full","75"
"3C46913E","Manchester Brewery","Brewery","Full","75.6"
"D5DE30B2","Manchester Brewery","Brewery","Full","79.8"
"B390B07C","Manchester Brewery","Brewery","Full","80.3"
"DF1EED6E","Manchester Brewery","Brewery","Full","82.1"
"1888BF01","Manchester Brewery","Brewery","Full","82.3"
"D92F15CE","Manchester Brewery","Brewery","Full","87.2"
"DEDB1F8B","Manchester Brewery","Brewery","Full","87.3"
"7B4842B3","Manchester Brewery","Brewery","Full","91.9"
"1FC49055","Manchester Brewery","Brewery","Full","93.9"
"6883EBF3","Manchester Brewery","Brewery","Full","94"
"1EC1C3F0","Manchester Brewery","Brewery","Full","94.2"
"D4D18E01","Manchester Brewery","Brewery","Full","96.5"
"EAFE2ACA","Manchester Brewery","Brewery","Full","96.5"
"477786C9","Manchester Brewery","Brewery","Full","98.9"
"F4D015E0","Manchester Brewery","Brewery","Full","99"
"AA2F23C9","Majestic Hotel","Venue","Full","17.3"
"8C13F3C4","Mades Hotel (historical)","Venue","Full","0"
"3CFF046C","London Northwest Hotel Susp","Venue","Full","0"
"0346A82B","London Northwest Hotel Susp","Venue","Full","23.2"
"EDBE5372","Liverpool Warehouse","Warehouse","Full","0"
"D6FD5126","Liverpool Warehouse","Warehouse","Full","0"
"3C9872AD","Liverpool Warehouse","Warehouse","Full","0"
"0352FD73","Liverpool Warehouse","Warehouse","Full","0"
"C057ABA0","Liverpool Warehouse","Warehouse","Full","0"
"4D0A041E","Liverpool Warehouse","Warehouse","Full","0"
"3727B0F1","Liverpool Warehouse","Warehouse","Full","0"
"2D69370C","Liverpool Warehouse","Warehouse","Full","0"
"D4679CAE","Liverpool Warehouse","Warehouse","Full","23.1"
"DF3E1D38","Liverpool Warehouse","Warehouse","Full","30.5"
"FDB67748","Liverpool Warehouse","Warehouse","Full","32.8"
"12835D18","Liverpool Warehouse","Warehouse","Full","41.8"
"9B9FCBDC","Liverpool Warehouse","Warehouse","Full","42.4"
"722C080F","Liverpool Warehouse","Warehouse","Full","42.7"
"3E6FAAD3","Liverpool Warehouse","Warehouse","Full","46.9"
"107A653A","Liverpool Warehouse","Warehouse","Full","46.9"
"C6565086","Liverpool Warehouse","Warehouse","Full","48.7"
"FED2B641","Liverpool Warehouse","Warehouse","Full","49"
"B3286328","Liverpool Warehouse","Warehouse","Full","49.2"
"B997DB5B","Liverpool Warehouse","Warehouse","Full","56.3"
"CD939313","Liverpool Warehouse","Warehouse","Full","59.3"
"27DD301A","Liverpool Warehouse","Warehouse","Full","61.6"
"58A70B11","Liverpool Warehouse","Warehouse","Full","67.7"
"D7414FF2","Liverpool Warehouse","Warehouse","Full","77.2"
"4ED87A49","Liverpool Warehouse","Warehouse","Full","99"
"0EF123F1","Links Hotel and Bar","Venue","Full","28.2"
"1A15753F","Larkspur Hotel Truckee Tahoe","Venue","Full","0"
"45FA819B","Lafayette Park Hotel & Spa","Venue","Full","0"
"FBA56A47","Lafayette Park Hotel & Spa","Venue","Full","38.8"
"702AA958","La Reserve Hotel","Venue","Full","0"
"7C3DC68D","Kent State University Hotel And Conference Center","Venue","Full","0"
"B0BBD60B","Kent State University Hotel And Conference Center","Venue","Full","0"
"B0B2A6F7","Jersey Farm Hotel","Venue","Full","0"
"A5EAB2CD","Inn Off Capitol Park. An Ascend Collection Hotel","Venue","Full","0"
"D725E316","Inn Off Capitol Park An Ascend Hotel Collection Member","Venue","Full","0"
"8DC0EE49","Inn Off Capitol Park An Ascend Hotel Collection Member","Venue","Full","0"
"1DDF2D91","Hyde Park Court Hotel","Venue","Full","16.5"
"57C6B159","Hyatt Vineyard Creek Hotel & S","Venue","Full","0"
"F573069E","Hyatt Regency Monterey Hotel & Spa En El Campo De Golf Del Monte","Venue","Full","0"
"610537A6","Hyatt Hotel Canberra A Park Hya","Venue","Full","0"
"66084447","Hyatt Hotel Canberra A Park Hya","Venue","Full","16.3"
"3EF02483","Howard Johnson Hotel Davis","Venue","Full","0"
"579E0C44","Howard Johnson Hotel Davis","Venue","Full","0"
"4BB768CA","Hotel Zetta San Francisco","Venue","Full","0"
"2AC803AD","Hotel Valencia Santana Row","Venue","Full","28.2"
"D94D3EEC","Hotel Triton - a Kimpton Hotel","Venue","Full","0"
"6D0C05E4","Hotel Palomar Sfo A Kimpton Hotel","Venue","Full","16.9"
"8EA7ABF0","Hotel Metropolis- A Personality Hotel","Venue","Full","0"
"49C151CA","Hotel Indigo Cleveland-Beachwood","Venue","Full","0"
"DCB8BA2A","Hotel Ibis World Square","Venue","Full","34.4"
"5A8A312D","Hotel Ibis Newcastle","Venue","Full","0"
"D613EDEF","Hotel Helix - a Kimpton Hotel","Venue","Full","0"
"E4733D0C","Hotel Healdsburg","Venue","Full","18.3"
"D7E8D2C4","Hotel Griffon","Venue","Full","0"
"AA2DCC31","Hotel Griffon","Venue","Full","13.1"
"BCC4F408","Hotel Elan","Venue","Full","0"
"E0B46F64","Hotel Elan","Venue","Full","0"
"7BAF9D50","Hotel Durant","Venue","Full","39.3"
"1E28FF62","Hotel Carlton, a Joie de Vivre Boutique Hotel","Venue","Full","0"
"96626BF5","Hotel Carlton, a Joie de Vivre Boutique Hotel","Venue","Full","0"
"7C64ABE2","Host Airport Hotel","Venue","Full","0"
"1C4DE113","Holiday Lodge Hotel","Venue","Full","0"
"5B942201","Holiday Inn Visalia Hotel and Co","Venue","Full","0"
"0D019105","Holiday Inn Hotel & Suites San Mateo-San Francisco Sfo","Venue","Full","0"
"F00B353C","Holiday Inn Hotel & Suites San Mateo-San Francisco Sfo","Venue","Full","22.1"
"6E303D74","Holiday Inn Hotel & Suites Beckley","Venue","Full","12.2"
"CF9958DE","Holiday Inn Express Hotel and Suites Fishermans Wharf","Venue","Full","0"
"816866E4","Holiday Inn Express Hotel and Suites Fishermans Wharf","Venue","Full","0"
"98537D0E","Holiday Inn Express Hotel and Suites Ex I 71 Oh State Fair Expo Ctr","Venue","Full","0"
"56596BCB","Holiday Inn Express Hotel and Suites Ex I 71 Oh State Fair Expo Ctr","Venue","Full","0"
"62A8C24F","Holiday Inn Express Hotel And Suites Cleveland Downtown","Venue","Full","0"
"B2B6821D","Holiday Inn Express Hotel & Suites Zanesville North","Venue","Full","4"
"C857E97B","Holiday Inn Express Hotel & Suites Youngstown N Warren Niles","Venue","Full","0"
"51DBAD8A","Holiday Inn Express Hotel & Suites Woodbridge","Venue","Full","0"
"D906395E","Holiday Inn Express Hotel & Suites Watsonville","Venue","Full","0"
"55740DD3","Holiday Inn Express Hotel & Suites Warrenton","Venue","Full","0"
"9A373B8E","Holiday Inn Express Hotel & Suites Selinsgrove","Venue","Full","0"
"4C5AB05F","Holiday Inn Express Hotel & Suites San Francisco Fishermans Wharf","Venue","Full","0"
"EB51D68C","Holiday Inn Express Hotel & Suites Pittsburgh Airport","Venue","Full","44.8"
"F6828F2D","Holiday Inn Express Hotel & Suites North East (Erie I-90 Exit 41)","Venue","Full","0"
"B5708EB4","Holiday Inn Express Hotel & Suites Napa Valley-American Canyon","Venue","Full","23.8"
"84C0014B","Holiday Inn Express Hotel & Suites Kent State University","Venue","Full","60.6"
"620A41AC","Holiday Inn Express Hotel & Suites Hagerstown","Venue","Full","20.5"
"8C72709D","Holiday Inn Express Hotel & Suites Fremont - Milpitas Central","Venue","Full","0"
"744A80F9","Holiday Inn Express Hotel & Suites Findley Lake I-86 Exit 4","Venue","Full","0"
"49A55BA3","Holiday Inn Express Hotel & Suites Ex I-71 Oh Stat","Venue","Full","38.6"
"2F63C050","Holiday Inn Express Hotel & Suites Columbus Polaris Parkway","Venue","Full","0"
"323D6956","Holiday Inn Express Hotel & Suites Columbus Polaris Parkway","Venue","Full","0"
"C36442FC","Holiday Inn Express Hotel & Suites Columbus East Reynoldsburg","Venue","Full","0"
"A0E498DF","Holiday Inn Express Hotel & Suites Columbia East Elkridge","Venue","Full","0"
"B2A8BD6C","Holiday Inn Express Hotel & Suites Charleston-Southridge","Venue","Full","0"
"3C280369","Holiday Inn Express Hotel & Suites Charleston South","Venue","Full","33.3"
"22B18CA0","Holiday Inn Express Hotel & Suites Chambersburg","Venue","Full","0"
"80BA5449","Holiday Inn Express Hotel & Suites Chambersburg","Venue","Full","0"
"3797ED44","Holiday Inn Express Hotel & Suites Chambersburg","Venue","Full","0"
"20616671","Holiday Inn Express Hotel & Suites Akron South Airport Area","Venue","Full","0"
"2848C2AE","Holiday Inn Express Hotel & Suites Akron Regional Airport Area","Venue","Full","36"
"E0700344","Holiday Inn Express Hotel & Suites","Venue","Full","0"
"49304FA8","Holiday Inn Express Hotel & Suites","Venue","Full","0"
"C0606C88","Historic Mountain View Hotel","Venue","Full","0"
"50AFC5BB","Highfield Hotel","Venue","Full","0"
"7F429C99","Highfield Hotel","Venue","Full","0"
"FF0CFA93","Heritage Hotel","Venue","Full","0"
"E699A251","Harbour Rocks Hotel","Venue","Full","0"
"DA966887","Harbour Rocks Hotel","Venue","Full","0"
"96A3CFDD","Harbour Rocks Hotel","Venue","Full","27.8"
"4B76EF51","Harbor Court A Kimpton Hotel Dlx View","Venue","Full","37.1"
"C89D59AA","Handlery Union Square Hotel Historic Rooms","Venue","Full","0"
"DE848EA0","Hampton Inn & SuitesÂ® Hotel In Cleveland/Beachwood","Venue","Full","0"
"12C74E12","Hampton Inn & SuitesÂ® Hotel In Cleveland/Beachwood","Venue","Full","0"
"429EDB96","Hampton Inn & Suites Tahoe Truckee Hotel","Venue","Full","0"
"6C6EFE57","Hampton Inn & Suites Tahoe Truckee Hotel","Venue","Full","0"
"D7C00BE6","Hampton Inn & Suites Tahoe Truckee Hotel","Venue","Full","0"
"ED4697F6","Georgian and Bower House Hotel","Venue","Full","0"
"4E8D8FCE","Gailes Restaurant & Hotel","Venue","Full","0"
"AFB9EE01","Faithlegg House Hotel Golf and Country Club","Venue","Full","0"
"A1FD2A80","Executive Hotel Vintage Court, Union Square","Venue","Full","29.4"
"50A9F907","Erskine Bridge Hotel","Venue","Full","0"
"498FE1EE","Errigal Country House Hotel","Venue","Full","0"
"8ECD9ED8","Embassy Suites Hotel San Rafael-Marin County/Conference Cntr","Venue","Full","30.2"
"BF2C27DA","Embassy Suites Hotel Cleveland Downtown","Venue","Full","0"
"BF260BE6","Embassy Hotel","Venue","Full","0"
"C129CB3A","Edwardian San Francisco Hotel","Venue","Full","0"
"1F6CF3BB","Dusk To Dawn Hotel","Venue","Full","11.1"
"8CBBB7DD","Doubletree Hotel&Suites Pittsburgh City Center","Venue","Full","36.1"
"EE4E655E","Doubletree Hotel Washington Dc -Crystal City","Venue","Full","0"
"01F92081","Doubletree Hotel San Jose","Venue","Full","0"
"C3A0E5C1","Doubletree Hotel & Executive Meeting Center Berkeley Marina","Venue","Full","12.5"
"4FD2D9A1","DoubleTree by Hilton Hotel Woking","Venue","Full","20.3"
"379CEBB1","DoubleTree by Hilton Hotel Swindon","Venue","Full","0"
"78D466AE","Donatello Hotel","Venue","Full","5.2"
"74E15AE2","Donatello Hotel","Venue","Full","13.9"
"CD457F78","Dolphin Bay Hotel","Venue","Full","42.1"
"9132B881","Diplomat Hotel","Venue","Full","20.8"
"481C7DBC","Dinah's Garden Hotel & Trader Vic's","Venue","Full","0"
"CB9BDA24","Diamant Hotel","Venue","Full","0"
"AE44BBD4","Derwentwater Hotel","Venue","Full","0"
"BE5DC539","Delta King Hotel","Venue","Full","0"
"1807FCD7","Days Hotel Oakland Airport-Coliseum","Venue","Full","0"
"9C8A5800","Days Hotel London South Ruisli","Venue","Full","0"
"BD811B51","Daventry Court Hotel The Hotel Collection","Venue","Full","0"
"DEC61731","Cypress Lakes Resort By Oaks Hotels And Resorts","Venue","Full","0"
"3CA78C49","Cypress Lakes Resort By Oaks Hotels And Resorts","Venue","Full","13.6"
"E2BE25F9","Crowne Plaza Hotel Pittsburgh Intl. Airport","Venue","Full","0"
"ED951AC9","Crowne Plaza Hotel Columbus-Do","Venue","Full","40.4"
"76263027","Crowne Plaza Hotel Cleveland South - Independence","Venue","Full","38.3"
"CF074E56","Crowne Plaza Hotel Cleveland City Centre","Venue","Full","0"
"1EC4F9DF","Crowne Plaza Hotel Cleveland City Centre","Venue","Full","35.8"
"ED0139FD","Corus Hotel Solihull The Regency","Venue","Full","0"
"F1490C5F","Coogee Sands Hotel And Apts","Venue","Full","0"
"0C71ED1F","Coogee Bay Heritage Hotel","Venue","Full","0"
"ACC24CEE","Coogee Bay Heritage Hotel","Venue","Full","0"
"CE4F9669","Coogee Bay Boutique Hotel","Venue","Full","0"
"B480B052","Coogee Bay Boutique Hotel","Venue","Full","15.2"
"1FF85EC8","Commodore Hotel","Venue","Full","0"
"3FDCF6E3","College Park Marriott Hotel & Conference Center","Venue","Full","0"
"45C37A59","CLIFT Hotel","Venue","Full","0"
"37662FFB","Clarion Hotel San Francisco Airport","Venue","Full","37.1"
"B3CD59BC","Clarion Hotel On The Park","Venue","Full","0"
"7D929EE1","Clarion Hotel And Conference Center Downtown","Venue","Full","0"
"81AE7D6A","Clarion Hotel & Suites Columbus","Venue","Full","0"
"BB410635","Clarion Hotel & Suites Columbus","Venue","Full","0"
"D697C136","Clarion Hotel & Conference Center Antietam Creek","Venue","Full","13.5"
"1A112782","Claremont Hotel Club & Spa","Venue","Full","0"
"2D6E4E93","Claremont Hotel Club & Spa","Venue","Full","41.4"
"85418163","Clairsville Warehouse","Warehouse","Full","0"
"8C805C80","Clairsville Warehouse","Warehouse","Full","0"
"CEC00329","Clairsville Warehouse","Warehouse","Full","0"
"6BA60E12","Clairsville Warehouse","Warehouse","Full","0"
"F784F137","Clairsville Warehouse","Warehouse","Full","0"
"90DBD379","Clairsville Warehouse","Warehouse","Full","3.6"
"87092361","Clairsville Warehouse","Warehouse","Full","13.4"
"AEDCD11E","Clairsville Warehouse","Warehouse","Full","15.5"
"BF4E9821","Clairsville Warehouse","Warehouse","Full","22.9"
"69375101","Clairsville Warehouse","Warehouse","Full","35.8"
"4DBB101F","Clairsville Warehouse","Warehouse","Full","39.7"
"2FBF7ED2","Clairsville Warehouse","Warehouse","Full","43.4"
"63F17A3D","Clairsville Warehouse","Warehouse","Full","44.9"
"90FF9396","Clairsville Warehouse","Warehouse","Full","47.7"
"C61C4913","Clairsville Warehouse","Warehouse","Full","51.3"
"E393D46B","Clairsville Warehouse","Warehouse","Full","56.6"
"7477C032","Clairsville Warehouse","Warehouse","Full","58.2"
"EE69A847","Clairsville Warehouse","Warehouse","Full","58.5"
"CD52344C","Clairsville Warehouse","Warehouse","Full","59.2"
"AA6953CD","Clairsville Warehouse","Warehouse","Full","60.9"
"03102032","Clairsville Warehouse","Warehouse","Full","61.3"
"5D2B5C75","Clairsville Warehouse","Warehouse","Full","73.1"
"2A53DA9A","Clairsville Warehouse","Warehouse","Full","82.3"
"7B9EE3E4","Citygarden Hotel","Venue","Full","0"
"F944A91A","Citygarden Hotel","Venue","Full","31.7"
"9C04AD14","City Hotel Water Tower (historic)","Venue","Full","25.9"
"BE496D3C","Chessington Safari Hotel","Venue","Full","0"
"AB4AC8B0","Chase Suite Hotel Hunt Valley","Venue","Full","40.3"
"C6C7F3A3","Cavan Crystal Hotel","Venue","Full","21.2"
"EEDD7F45","Castleknock Hotel and Country Club","Venue","Full","0"
"7C3981FB","Carnegie Inn & Spa. An Ascend Hotel Collection Member","Venue","Full","0"
"60223C18","Cardinal Hotel","Venue","Full","0"
"73136E3E","Capital City Hotel","Venue","Full","0"
"C64A7688","Capital City Hotel","Venue","Full","0"
"30EF1E34","Cairndale Hotel & Leisure Club","Venue","Full","0"
"4FCEAFE4","Britannia Hotel Newcastle Apt","Venue","Full","34.3"
"3FBC5D87","Bounce Hotel","Venue","Full","0"
"17830F8B","Bounce Hotel","Venue","Full","46.3"
"C3872BDF","Bluebird Hotel","Venue","Full","0"
"4363B337","BLUE Sydney - A Taj Hotel","Venue","Full","0"
"91EA2BEB","BLUE Sydney - A Taj Hotel","Venue","Full","0"
"152D5A5F","Blacket Hotel","Venue","Full","0"
"7FEAA546","Blacket Hotel","Venue","Full","4.5"
"EAF1FF77","Blacket Hotel","Venue","Full","20.9"
"C6C41436","Bishops Court Estate Boutique Hotel","Venue","Full","0"
"1319DB68","Bishops Court Estate Boutique Hotel","Venue","Full","41.3"
"C71B3C67","Best Western Sonora Oaks Hotel & Conference Ctr.","Venue","Full","0"
"6C5042FA","Best Western Sonora Oaks Hotel & Conference Ctr.","Venue","Full","31.8"
"73D056D0","Best Western Shippensburg Hotel","Venue","Full","0"
"BC29516A","Best Western Premier The Central Hotel","Venue","Full","0"
"567E9F86","Best Western Premier The Central Hotel","Venue","Full","0"
"8352571E","Best Western Premier Leyland Hotel","Venue","Full","0"
"99FC3D50","Best Western Plus Sandusky Hotel & Suites","Venue","Full","0"
"595CE57A","Best Western Parklands Apartment Hotel","Venue","Full","0"
"90B2D952","Best Western Parklands Apartment Hotel","Venue","Full","21.4"
"83E9B7DB","Best Western Parklands Apartment Hotel","Venue","Full","48.9"
"8603B4A1","Best Western Park Hotel","Venue","Full","0"
"6E3F33BA","Best Western Park Hotel","Venue","Full","0"
"33891E16","Best Western Hotel Unilodge","Venue","Full","0"
"8922E265","Best Western Dean Court Hotel","Venue","Full","0"
"8CE06400","Best Western Capitol Skyline Hotel","Venue","Full","0"
"D0C406E3","Best Western Admiral Rodney Hotel","Venue","Full","0"
"E5F2457C","Beresford Arms Hotel","Venue","Full","0"
"931D08E0","Belmore All Suite Hotel","Venue","Full","0"
"D29B6F26","Beau Sky Hotel","Venue","Full","0"
"4C38DD5D","Avillion Hotel Sydney","Venue","Full","0"
"704E0629","Avillion Hotel Sydney","Venue","Full","59"
"0E7A9CBC","Aston Hotel Darlington","Venue","Full","39.7"
"6D52E0A2","Ascot Suites. An Ascend Collection Hotel","Venue","Full","0"
"74B1EF3E","Ascot Suites An Ascend Hotel Collection Member","Venue","Full","0"
"9FB5F94A","Arts Hotel Paddington","Venue","Full","0"
"04CC973B","Arts Hotel Paddington","Venue","Full","3.9"
"DD56CDAE","Art House Hotel","Venue","Full","0"
"5924C27C","Art House Hotel","Venue","Full","0"
"395BF774","Aria Hotel Canberra","Venue","Full","0"
"BF0B2CEC","Aria Hotel Canberra","Venue","Full","31.8"
"E57BD581","Apartment Hotel East Sydney","Venue","Full","0"
"1125A428","Alveston Manor Hotel","Venue","Full","0"
"9FE8049D","Airport Plaza Hotel","Venue","Full","0"
"34D1C388","Aggie Inn. An Ascend Collection Hotel","Venue","Full","0"
"6E46D04C","Adina Apartment Hotel Canberra James Court","Venue","Full","0"
"A59B6001","Adina Apartment Hotel Bondi Beach","Venue","Full","0"
"13AF9E83","Adina Apartment Hotel Bondi Beach","Venue","Full","0"
"595847BF","Adge Boutique Apartment Hotel","Venue","Full","0"
"A0A97456","Abode The Apartment Hotel","Venue","Full","32.3"
"6220844A","1859 Historic National Hotel  A Country Inn","Venue","Full","0"
"4CF896D2","Trawalla 285 Brooks Creek Lane Gundaroo New South Wales 2620 Australia","In Transit","Full","0"
"8215D335","27 Pyramid Creek Road Twin Bridges California 95735 United States","In Transit","Full","0"
"DD28303D","16705 West Grant Line Road Tracy California 95391 United States","In Transit","Full","0"
"6E46C901","53.311971,-5.151097","In Transit","Full","20.7"
"F05378D2","England M30 7RN United Kingdom","In Transit","Full","52.2"
"8B431742","Johnson Hill Road Carmichaels Pennsylvania 15320 United States","In Transit","Full","72.6"
